{"cameraMode":{"drawMode":0,"name":"Shaded","section":"Shading Mode"},"sceneLighting":true,"audioPlay":false,"sceneViewState":{"showFog":true,"showMaterialUpdate":false,"showSkybox":true,"showFlares":true,"showImageEffects":true,"showParticleSystems":true},"in2DMode":false,"pivot":{"x":-8.516429901123047,"y":-0.5015897750854492,"z":50.159488677978519},"rotation":{"x":0.22665512561798097,"y":-0.313241571187973,"z":0.07725653052330017,"w":0.9189878106117249},"size":28.663726806640626,"orthographic":false}