{"cameraMode":{"drawMode":0,"name":"Shaded","section":"Shading Mode"},"sceneLighting":true,"audioPlay":false,"sceneViewState":{"showFog":true,"showMaterialUpdate":false,"showSkybox":true,"showFlares":true,"showImageEffects":true,"showParticleSystems":true},"in2DMode":false,"pivot":{"x":81.2984390258789,"y":-72.62936401367188,"z":89.25070190429688},"rotation":{"x":0.35506778955459597,"y":0.5130965113639832,"z":-0.24557878077030183,"w":0.741855800151825},"size":128.8226318359375,"orthographic":false}