{"cameraMode":{"drawMode":0,"name":"Shaded","section":"Shading Mode"},"sceneLighting":true,"audioPlay":false,"sceneViewState":{"showFog":true,"showMaterialUpdate":false,"showSkybox":true,"showFlares":true,"showImageEffects":true,"showParticleSystems":true},"in2DMode":false,"pivot":{"x":22.096153259277345,"y":-10.365865707397461,"z":61.458133697509769},"rotation":{"x":0.2883674204349518,"y":0.1781933456659317,"z":-0.05471157282590866,"w":0.939200758934021},"size":57.47379684448242,"orthographic":false}